{
  "table": {
    "0.3": {
      "theta_star": 0.2909090909090909,
      "theta_cont": 0.0,
      "expected_value_at_0": 0.8476252580686148,
      "converged": true
    },
    "0.4": {
      "theta_star": 0.3878787878787879,
      "theta_cont": 0.044444444444444446,
      "expected_value_at_0": 0.8180350961710988,
      "converged": true
    },
    "0.5": {
      "theta_star": 0.48484848484848486,
      "theta_cont": 0.0,
      "expected_value_at_0": 0.7618809560489972,
      "converged": true
    },
    "0.6": {
      "theta_star": 0.5818181818181818,
      "theta_cont": 0.0,
      "expected_value_at_0": 0.7065018963202714,
      "converged": true
    },
    "0.7": {
      "theta_star": 0.6787878787878787,
      "theta_cont": 0.0,
      "expected_value_at_0": 0.678061406878225,
      "converged": true
    },
    "0.8": {
      "theta_star": 0.7757575757575758,
      "theta_cont": 0.03232323232323232,
      "expected_value_at_0": 0.6493149552464882,
      "converged": true
    },
    "0.9": {
      "theta_star": 0.8727272727272727,
      "theta_cont": 0.0,
      "expected_value_at_0": 0.5998420861846122,
      "converged": true
    },
    "0.95": {
      "theta_star": 0.9212121212121211,
      "theta_cont": 0.047979797979797977,
      "expected_value_at_0": 0.5873813746061508,
      "converged": true
    }
  },
  "umax_buckets": [
    0.3,
    0.4,
    0.5,
    0.6,
    0.7,
    0.8,
    0.9,
    0.95
  ],
  "base_config_hash": -659740695476211326
}