{
  "table": {
    "0.3": {
      "theta_star": 0.2909090909090909,
      "theta_cont": 0.0,
      "expected_value_at_0": 0.8895155665751463,
      "converged": true
    },
    "0.4": {
      "theta_star": 0.3878787878787879,
      "theta_cont": 0.08888888888888889,
      "expected_value_at_0": 0.8813587836828065,
      "converged": true
    },
    "0.5": {
      "theta_star": 0.48484848484848486,
      "theta_cont": 0.045454545454545456,
      "expected_value_at_0": 0.8437629220967828,
      "converged": true
    },
    "0.6": {
      "theta_star": 0.5818181818181818,
      "theta_cont": 0.024242424242424242,
      "expected_value_at_0": 0.8071020625244518,
      "converged": true
    },
    "0.7": {
      "theta_star": 0.6787878787878787,
      "theta_cont": 0.0,
      "expected_value_at_0": 0.7789598849690775,
      "converged": true
    },
    "0.8": {
      "theta_star": 0.7757575757575758,
      "theta_cont": 0.07272727272727272,
      "expected_value_at_0": 0.7713532548746569,
      "converged": true
    },
    "0.9": {
      "theta_star": 0.8727272727272727,
      "theta_cont": 0.03636363636363636,
      "expected_value_at_0": 0.7364936348811066,
      "converged": true
    },
    "0.95": {
      "theta_star": 0.9212121212121211,
      "theta_cont": 0.09595959595959595,
      "expected_value_at_0": 0.7280256975986819,
      "converged": true
    }
  },
  "umax_buckets": [
    0.3,
    0.4,
    0.5,
    0.6,
    0.7,
    0.8,
    0.9,
    0.95
  ],
  "base_config_hash": 1803299307072053346
}