{
  "table": {
    "0.3": {
      "theta_star": 0.29393939393939394,
      "theta_cont": 0.0,
      "expected_value_at_0": 0.8589793704268215,
      "converged": true
    },
    "0.4": {
      "theta_star": 0.39191919191919194,
      "theta_cont": 0.10101010101010101,
      "expected_value_at_0": 0.8324356984832991,
      "converged": true
    },
    "0.5": {
      "theta_star": 0.48989898989898994,
      "theta_cont": 0.0,
      "expected_value_at_0": 0.7796710281208802,
      "converged": true
    },
    "0.6": {
      "theta_star": 0.5878787878787879,
      "theta_cont": 0.05454545454545454,
      "expected_value_at_0": 0.7521966959133863,
      "converged": true
    },
    "0.7": {
      "theta_star": 0.6858585858585858,
      "theta_cont": 0.0,
      "expected_value_at_0": 0.6937097563456407,
      "converged": true
    },
    "0.8": {
      "theta_star": 0.7838383838383839,
      "theta_cont": 0.048484848484848485,
      "expected_value_at_0": 0.6742307864222804,
      "converged": true
    },
    "0.9": {
      "theta_star": 0.8818181818181817,
      "theta_cont": 0.0,
      "expected_value_at_0": 0.6277310166321426,
      "converged": true
    },
    "0.95": {
      "theta_star": 0.9308080808080808,
      "theta_cont": 0.0,
      "expected_value_at_0": 0.6051763986549982,
      "converged": true
    }
  },
  "umax_buckets": [
    0.3,
    0.4,
    0.5,
    0.6,
    0.7,
    0.8,
    0.9,
    0.95
  ],
  "base_config_hash": 6191968910872654942
}