question,total_latency_ms,decomposer_ms,retriever_ms,synthesizer_ms,overhead_ms,total_steps,retrieve_count,reason_count,meets_requirement
What are the latency requirements for O-RAN fronthaul?,56251.07026100159,27751.275062561035,0.11348724365234375,27544.316053390503,955.3656578063965,4,4,0,False
How does O-RAN handle network slicing?,55207.85403251648,27778.04183959961,0.1010894775390625,27515.987396240234,-86.27629280090332,4,4,0,False
What is the role of RIC in O-RAN architecture?,55260.78128814697,27792.222023010254,0.0476837158203125,27541.12696647644,-72.61538505554199,4,4,0,False
